1,"shipper1"
2,"shipper2"
3,"shipper3"
4,"shipper4"
5,"shipper5"
6,"shipper6"
7,"shipper7"
8,"shipper8"
9,"shipper9"
10,"shipper10"
11,"shipper11"
12,"shipper12"
13,"shipper13"
14,"shipper14"
15,"shipper15"
16,"shipper16"
17,"shipper17"
18,"shipper18"
19,"shipper19"
20,"shipper20"
21,"shipper21"
22,"shipper22"
23,"shipper23"
24,"shipper24"
25,"shipper25"
26,"shipper26"
27,"shipper27"
28,"shipper28"
29,"shipper29"
30,"shipper30"
31,"shipper31"
32,"shipper32"
33,"shipper33"
34,"shipper34"
35,"shipper35"
36,"shipper36"
37,"shipper37"
38,"shipper38"
39,"shipper39"
40,"shipper40"
41,"shipper41"
42,"shipper42"
43,"shipper43"
44,"shipper44"
45,"shipper45"
46,"shipper46"
47,"shipper47"
48,"shipper48"
49,"shipper49"
50,"shipper50"
51,"shipper51"
52,"shipper52"
53,"shipper53"
54,"shipper54"
55,"shipper55"
56,"shipper56"
57,"shipper57"
58,"shipper58"
59,"shipper59"
60,"shipper60"
61,"shipper61"
62,"shipper62"
63,"shipper63"
64,"shipper64"
65,"shipper65"
66,"shipper66"
67,"shipper67"
68,"shipper68"
69,"shipper69"
70,"shipper70"
71,"shipper71"
72,"shipper72"
73,"shipper73"
74,"shipper74"
75,"shipper75"
76,"shipper76"
77,"shipper77"
78,"shipper78"
79,"shipper79"
80,"shipper80"
81,"shipper81"
82,"shipper82"
83,"shipper83"
84,"shipper84"
85,"shipper85"
86,"shipper86"
87,"shipper87"
88,"shipper88"
89,"shipper89"
90,"shipper90"
91,"shipper91"
92,"shipper92"
93,"shipper93"
94,"shipper94"
95,"shipper95"
96,"shipper96"
97,"shipper97"
98,"shipper98"
99,"shipper99"
100,"shipper100"
101,"shipper101"
102,"shipper102"
103,"shipper103"
104,"shipper104"
105,"shipper105"
106,"shipper106"
107,"shipper107"
108,"shipper108"
109,"shipper109"
110,"shipper110"
111,"shipper111"
112,"shipper112"
113,"shipper113"
114,"shipper114"
115,"shipper115"
116,"shipper116"
117,"shipper117"
118,"shipper118"
119,"shipper119"
120,"shipper120"
121,"shipper121"
122,"shipper122"
123,"shipper123"
124,"shipper124"
125,"shipper125"
126,"shipper126"
127,"shipper127"
128,"shipper128"
129,"shipper129"
130,"shipper130"
131,"shipper131"
132,"shipper132"
133,"shipper133"
134,"shipper134"
135,"shipper135"
136,"shipper136"
137,"shipper137"
138,"shipper138"
139,"shipper139"
140,"shipper140"
141,"shipper141"
142,"shipper142"
143,"shipper143"
144,"shipper144"
145,"shipper145"
146,"shipper146"
147,"shipper147"
148,"shipper148"
149,"shipper149"
150,"shipper150"
151,"shipper151"
152,"shipper152"
153,"shipper153"
154,"shipper154"
155,"shipper155"
156,"shipper156"
157,"shipper157"
158,"shipper158"
159,"shipper159"
160,"shipper160"
161,"shipper161"
162,"shipper162"
163,"shipper163"
164,"shipper164"
165,"shipper165"
166,"shipper166"
167,"shipper167"
168,"shipper168"
169,"shipper169"
170,"shipper170"
171,"shipper171"
172,"shipper172"
173,"shipper173"
174,"shipper174"
175,"shipper175"
176,"shipper176"
177,"shipper177"
178,"shipper178"
179,"shipper179"
180,"shipper180"
181,"shipper181"
182,"shipper182"
183,"shipper183"
184,"shipper184"
185,"shipper185"
186,"shipper186"
187,"shipper187"
188,"shipper188"
189,"shipper189"
190,"shipper190"
191,"shipper191"
192,"shipper192"
193,"shipper193"
194,"shipper194"
195,"shipper195"
196,"shipper196"
197,"shipper197"
198,"shipper198"
199,"shipper199"
200,"shipper200"
201,"shipper201"
202,"shipper202"
203,"shipper203"
204,"shipper204"
205,"shipper205"
206,"shipper206"
207,"shipper207"
208,"shipper208"
209,"shipper209"
210,"shipper210"
211,"shipper211"
212,"shipper212"
213,"shipper213"
214,"shipper214"
215,"shipper215"
216,"shipper216"
217,"shipper217"
218,"shipper218"
219,"shipper219"
220,"shipper220"
221,"shipper221"
222,"shipper222"
223,"shipper223"
224,"shipper224"
225,"shipper225"
226,"shipper226"
227,"shipper227"
228,"shipper228"
229,"shipper229"
230,"shipper230"
231,"shipper231"
232,"shipper232"
233,"shipper233"
234,"shipper234"
235,"shipper235"
236,"shipper236"
237,"shipper237"
238,"shipper238"
239,"shipper239"
240,"shipper240"
241,"shipper241"
242,"shipper242"
243,"shipper243"
244,"shipper244"
245,"shipper245"
246,"shipper246"
247,"shipper247"
248,"shipper248"
249,"shipper249"
250,"shipper250"
251,"shipper251"
252,"shipper252"
253,"shipper253"
254,"shipper254"
255,"shipper255"
256,"shipper256"
257,"shipper257"
258,"shipper258"
259,"shipper259"
260,"shipper260"
261,"shipper261"
262,"shipper262"
263,"shipper263"
264,"shipper264"
265,"shipper265"
266,"shipper266"
267,"shipper267"
268,"shipper268"
269,"shipper269"
270,"shipper270"
271,"shipper271"
272,"shipper272"
273,"shipper273"
274,"shipper274"
275,"shipper275"
276,"shipper276"
277,"shipper277"
278,"shipper278"
279,"shipper279"
280,"shipper280"
281,"shipper281"
282,"shipper282"
283,"shipper283"
284,"shipper284"
285,"shipper285"
286,"shipper286"
287,"shipper287"
288,"shipper288"
289,"shipper289"
290,"shipper290"
291,"shipper291"
292,"shipper292"
293,"shipper293"
294,"shipper294"
295,"shipper295"
296,"shipper296"
297,"shipper297"
298,"shipper298"
299,"shipper299"
300,"shipper300"
301,"shipper301"
302,"shipper302"
303,"shipper303"
304,"shipper304"
305,"shipper305"
306,"shipper306"
307,"shipper307"
308,"shipper308"
309,"shipper309"
310,"shipper310"
311,"shipper311"
312,"shipper312"
313,"shipper313"
314,"shipper314"
315,"shipper315"
316,"shipper316"
317,"shipper317"
318,"shipper318"
319,"shipper319"
320,"shipper320"
321,"shipper321"
322,"shipper322"
323,"shipper323"
324,"shipper324"
325,"shipper325"
326,"shipper326"
327,"shipper327"
328,"shipper328"
329,"shipper329"
330,"shipper330"
331,"shipper331"
332,"shipper332"
333,"shipper333"
334,"shipper334"
335,"shipper335"
336,"shipper336"
337,"shipper337"
338,"shipper338"
339,"shipper339"
340,"shipper340"
341,"shipper341"
342,"shipper342"
343,"shipper343"
344,"shipper344"
345,"shipper345"
346,"shipper346"
347,"shipper347"
348,"shipper348"
349,"shipper349"
350,"shipper350"
351,"shipper351"
352,"shipper352"
353,"shipper353"
354,"shipper354"
355,"shipper355"
356,"shipper356"
357,"shipper357"
358,"shipper358"
359,"shipper359"
360,"shipper360"
361,"shipper361"
362,"shipper362"
363,"shipper363"
364,"shipper364"
365,"shipper365"
366,"shipper366"
367,"shipper367"
368,"shipper368"
369,"shipper369"
370,"shipper370"
371,"shipper371"
372,"shipper372"
373,"shipper373"
374,"shipper374"
375,"shipper375"
376,"shipper376"
377,"shipper377"
378,"shipper378"
379,"shipper379"
380,"shipper380"
381,"shipper381"
382,"shipper382"
383,"shipper383"
384,"shipper384"
385,"shipper385"
386,"shipper386"
387,"shipper387"
388,"shipper388"
389,"shipper389"
390,"shipper390"
391,"shipper391"
392,"shipper392"
393,"shipper393"
394,"shipper394"
395,"shipper395"
396,"shipper396"
397,"shipper397"
398,"shipper398"
399,"shipper399"
400,"shipper400"
401,"shipper401"
402,"shipper402"
403,"shipper403"
404,"shipper404"
405,"shipper405"
406,"shipper406"
407,"shipper407"
408,"shipper408"
409,"shipper409"
410,"shipper410"
411,"shipper411"
412,"shipper412"
413,"shipper413"
414,"shipper414"
415,"shipper415"
416,"shipper416"
417,"shipper417"
418,"shipper418"
419,"shipper419"
420,"shipper420"
421,"shipper421"
422,"shipper422"
423,"shipper423"
424,"shipper424"
425,"shipper425"
426,"shipper426"
427,"shipper427"
428,"shipper428"
429,"shipper429"
430,"shipper430"
431,"shipper431"
432,"shipper432"
433,"shipper433"
434,"shipper434"
435,"shipper435"
436,"shipper436"
437,"shipper437"
438,"shipper438"
439,"shipper439"
440,"shipper440"
441,"shipper441"
442,"shipper442"
443,"shipper443"
444,"shipper444"
445,"shipper445"
446,"shipper446"
447,"shipper447"
448,"shipper448"
449,"shipper449"
450,"shipper450"
451,"shipper451"
452,"shipper452"
453,"shipper453"
454,"shipper454"
455,"shipper455"
456,"shipper456"
457,"shipper457"
458,"shipper458"
459,"shipper459"
460,"shipper460"
461,"shipper461"
462,"shipper462"
463,"shipper463"
464,"shipper464"
465,"shipper465"
466,"shipper466"
467,"shipper467"
468,"shipper468"
469,"shipper469"
470,"shipper470"
471,"shipper471"
472,"shipper472"
473,"shipper473"
474,"shipper474"
475,"shipper475"
476,"shipper476"
477,"shipper477"
478,"shipper478"
479,"shipper479"
480,"shipper480"
481,"shipper481"
482,"shipper482"
483,"shipper483"
484,"shipper484"
485,"shipper485"
486,"shipper486"
487,"shipper487"
488,"shipper488"
489,"shipper489"
490,"shipper490"
491,"shipper491"
492,"shipper492"
493,"shipper493"
494,"shipper494"
495,"shipper495"
496,"shipper496"
497,"shipper497"
498,"shipper498"
499,"shipper499"
500,"shipper500"
501,"shipper501"
502,"shipper502"
503,"shipper503"
504,"shipper504"
505,"shipper505"
506,"shipper506"
507,"shipper507"
508,"shipper508"
509,"shipper509"
510,"shipper510"
511,"shipper511"
512,"shipper512"
513,"shipper513"
514,"shipper514"
515,"shipper515"
516,"shipper516"
517,"shipper517"
518,"shipper518"
519,"shipper519"
520,"shipper520"
521,"shipper521"
522,"shipper522"
523,"shipper523"
524,"shipper524"
525,"shipper525"
526,"shipper526"
527,"shipper527"
528,"shipper528"
529,"shipper529"
530,"shipper530"
531,"shipper531"
532,"shipper532"
533,"shipper533"
534,"shipper534"
535,"shipper535"
536,"shipper536"
537,"shipper537"
538,"shipper538"
539,"shipper539"
540,"shipper540"
541,"shipper541"
542,"shipper542"
543,"shipper543"
544,"shipper544"
545,"shipper545"
546,"shipper546"
547,"shipper547"
548,"shipper548"
549,"shipper549"
550,"shipper550"
551,"shipper551"
552,"shipper552"
553,"shipper553"
554,"shipper554"
555,"shipper555"
556,"shipper556"
557,"shipper557"
558,"shipper558"
559,"shipper559"
560,"shipper560"
561,"shipper561"
562,"shipper562"
563,"shipper563"
564,"shipper564"
565,"shipper565"
566,"shipper566"
567,"shipper567"
568,"shipper568"
569,"shipper569"
570,"shipper570"
571,"shipper571"
572,"shipper572"
573,"shipper573"
574,"shipper574"
575,"shipper575"
576,"shipper576"
577,"shipper577"
578,"shipper578"
579,"shipper579"
580,"shipper580"
581,"shipper581"
582,"shipper582"
583,"shipper583"
584,"shipper584"
585,"shipper585"
586,"shipper586"
587,"shipper587"
588,"shipper588"
589,"shipper589"
590,"shipper590"
591,"shipper591"
592,"shipper592"
593,"shipper593"
594,"shipper594"
595,"shipper595"
596,"shipper596"
597,"shipper597"
598,"shipper598"
599,"shipper599"
600,"shipper600"
601,"shipper601"
602,"shipper602"
603,"shipper603"
604,"shipper604"
605,"shipper605"
606,"shipper606"
607,"shipper607"
608,"shipper608"
609,"shipper609"
610,"shipper610"
611,"shipper611"
612,"shipper612"
613,"shipper613"
614,"shipper614"
615,"shipper615"
616,"shipper616"
617,"shipper617"
618,"shipper618"
619,"shipper619"
620,"shipper620"
621,"shipper621"
622,"shipper622"
623,"shipper623"
624,"shipper624"
625,"shipper625"
626,"shipper626"
627,"shipper627"
628,"shipper628"
629,"shipper629"
630,"shipper630"
631,"shipper631"
632,"shipper632"
633,"shipper633"
634,"shipper634"
635,"shipper635"
636,"shipper636"
637,"shipper637"
638,"shipper638"
639,"shipper639"
640,"shipper640"
641,"shipper641"
642,"shipper642"
643,"shipper643"
644,"shipper644"
645,"shipper645"
646,"shipper646"
647,"shipper647"
648,"shipper648"
649,"shipper649"
650,"shipper650"
651,"shipper651"
652,"shipper652"
653,"shipper653"
654,"shipper654"
655,"shipper655"
656,"shipper656"
657,"shipper657"
658,"shipper658"
659,"shipper659"
660,"shipper660"
661,"shipper661"
662,"shipper662"
663,"shipper663"
664,"shipper664"
665,"shipper665"
666,"shipper666"
667,"shipper667"
668,"shipper668"
669,"shipper669"
670,"shipper670"
671,"shipper671"
672,"shipper672"
673,"shipper673"
674,"shipper674"
675,"shipper675"
676,"shipper676"
677,"shipper677"
678,"shipper678"
679,"shipper679"
680,"shipper680"
681,"shipper681"
682,"shipper682"
683,"shipper683"
684,"shipper684"
685,"shipper685"
686,"shipper686"
687,"shipper687"
688,"shipper688"
689,"shipper689"
690,"shipper690"
691,"shipper691"
692,"shipper692"
693,"shipper693"
694,"shipper694"
695,"shipper695"
696,"shipper696"
697,"shipper697"
698,"shipper698"
699,"shipper699"
700,"shipper700"
701,"shipper701"
702,"shipper702"
703,"shipper703"
704,"shipper704"
705,"shipper705"
706,"shipper706"
707,"shipper707"
708,"shipper708"
709,"shipper709"
710,"shipper710"
711,"shipper711"
712,"shipper712"
713,"shipper713"
714,"shipper714"
715,"shipper715"
716,"shipper716"
717,"shipper717"
718,"shipper718"
719,"shipper719"
720,"shipper720"
721,"shipper721"
722,"shipper722"
723,"shipper723"
724,"shipper724"
725,"shipper725"
726,"shipper726"
727,"shipper727"
728,"shipper728"
729,"shipper729"
730,"shipper730"
731,"shipper731"
732,"shipper732"
733,"shipper733"
734,"shipper734"
735,"shipper735"
736,"shipper736"
737,"shipper737"
738,"shipper738"
739,"shipper739"
740,"shipper740"
741,"shipper741"
742,"shipper742"
743,"shipper743"
744,"shipper744"
745,"shipper745"
746,"shipper746"
747,"shipper747"
748,"shipper748"
749,"shipper749"
750,"shipper750"
751,"shipper751"
752,"shipper752"
753,"shipper753"
754,"shipper754"
755,"shipper755"
756,"shipper756"
757,"shipper757"
758,"shipper758"
759,"shipper759"
760,"shipper760"
761,"shipper761"
762,"shipper762"
763,"shipper763"
764,"shipper764"
765,"shipper765"
766,"shipper766"
767,"shipper767"
768,"shipper768"
769,"shipper769"
770,"shipper770"
771,"shipper771"
772,"shipper772"
773,"shipper773"
774,"shipper774"
775,"shipper775"
776,"shipper776"
777,"shipper777"
778,"shipper778"
779,"shipper779"
780,"shipper780"
781,"shipper781"
782,"shipper782"
783,"shipper783"
784,"shipper784"
785,"shipper785"
786,"shipper786"
787,"shipper787"
788,"shipper788"
789,"shipper789"
790,"shipper790"
791,"shipper791"
792,"shipper792"
793,"shipper793"
794,"shipper794"
795,"shipper795"
796,"shipper796"
797,"shipper797"
798,"shipper798"
799,"shipper799"
800,"shipper800"
801,"shipper801"
802,"shipper802"
803,"shipper803"
804,"shipper804"
805,"shipper805"
806,"shipper806"
807,"shipper807"
808,"shipper808"
809,"shipper809"
810,"shipper810"
811,"shipper811"
812,"shipper812"
813,"shipper813"
814,"shipper814"
815,"shipper815"
816,"shipper816"
817,"shipper817"
818,"shipper818"
819,"shipper819"
820,"shipper820"
821,"shipper821"
822,"shipper822"
823,"shipper823"
824,"shipper824"
825,"shipper825"
826,"shipper826"
827,"shipper827"
828,"shipper828"
829,"shipper829"
830,"shipper830"
831,"shipper831"
832,"shipper832"
833,"shipper833"
834,"shipper834"
835,"shipper835"
836,"shipper836"
837,"shipper837"
838,"shipper838"
839,"shipper839"
840,"shipper840"
841,"shipper841"
842,"shipper842"
843,"shipper843"
844,"shipper844"
845,"shipper845"
846,"shipper846"
847,"shipper847"
848,"shipper848"
849,"shipper849"
850,"shipper850"
851,"shipper851"
852,"shipper852"
853,"shipper853"
854,"shipper854"
855,"shipper855"
856,"shipper856"
857,"shipper857"
858,"shipper858"
859,"shipper859"
860,"shipper860"
861,"shipper861"
862,"shipper862"
863,"shipper863"
864,"shipper864"
865,"shipper865"
866,"shipper866"
867,"shipper867"
868,"shipper868"
869,"shipper869"
870,"shipper870"
871,"shipper871"
872,"shipper872"
873,"shipper873"
874,"shipper874"
875,"shipper875"
876,"shipper876"
877,"shipper877"
878,"shipper878"
879,"shipper879"
880,"shipper880"
881,"shipper881"
882,"shipper882"
883,"shipper883"
884,"shipper884"
885,"shipper885"
886,"shipper886"
887,"shipper887"
888,"shipper888"
889,"shipper889"
890,"shipper890"
891,"shipper891"
892,"shipper892"
893,"shipper893"
894,"shipper894"
895,"shipper895"
896,"shipper896"
897,"shipper897"
898,"shipper898"
899,"shipper899"
900,"shipper900"
901,"shipper901"
902,"shipper902"
903,"shipper903"
904,"shipper904"
905,"shipper905"
906,"shipper906"
907,"shipper907"
908,"shipper908"
909,"shipper909"
910,"shipper910"
911,"shipper911"
912,"shipper912"
913,"shipper913"
914,"shipper914"
915,"shipper915"
916,"shipper916"
917,"shipper917"
918,"shipper918"
919,"shipper919"
920,"shipper920"
921,"shipper921"
922,"shipper922"
923,"shipper923"
924,"shipper924"
925,"shipper925"
926,"shipper926"
927,"shipper927"
928,"shipper928"
929,"shipper929"
930,"shipper930"
931,"shipper931"
932,"shipper932"
933,"shipper933"
934,"shipper934"
935,"shipper935"
936,"shipper936"
937,"shipper937"
938,"shipper938"
939,"shipper939"
940,"shipper940"
941,"shipper941"
942,"shipper942"
943,"shipper943"
944,"shipper944"
945,"shipper945"
946,"shipper946"
947,"shipper947"
948,"shipper948"
949,"shipper949"
950,"shipper950"
951,"shipper951"
952,"shipper952"
953,"shipper953"
954,"shipper954"
955,"shipper955"
956,"shipper956"
957,"shipper957"
958,"shipper958"
959,"shipper959"
960,"shipper960"
961,"shipper961"
962,"shipper962"
963,"shipper963"
964,"shipper964"
965,"shipper965"
966,"shipper966"
967,"shipper967"
968,"shipper968"
969,"shipper969"
970,"shipper970"
971,"shipper971"
972,"shipper972"
973,"shipper973"
974,"shipper974"
975,"shipper975"
976,"shipper976"
977,"shipper977"
978,"shipper978"
979,"shipper979"
980,"shipper980"
981,"shipper981"
982,"shipper982"
983,"shipper983"
984,"shipper984"
985,"shipper985"
986,"shipper986"
987,"shipper987"
988,"shipper988"
989,"shipper989"
990,"shipper990"
991,"shipper991"
992,"shipper992"
993,"shipper993"
994,"shipper994"
995,"shipper995"
996,"shipper996"
997,"shipper997"
998,"shipper998"
999,"shipper999"
1000,"shipper1000"
1001,"shipper1001"
1002,"shipper1002"
1003,"shipper1003"
1004,"shipper1004"
1005,"shipper1005"
1006,"shipper1006"
1007,"shipper1007"
1008,"shipper1008"
1009,"shipper1009"
1010,"shipper1010"
1011,"shipper1011"
1012,"shipper1012"
1013,"shipper1013"
1014,"shipper1014"
1015,"shipper1015"
1016,"shipper1016"
1017,"shipper1017"
1018,"shipper1018"
1019,"shipper1019"
1020,"shipper1020"
1021,"shipper1021"
1022,"shipper1022"
1023,"shipper1023"
1024,"shipper1024"
1025,"shipper1025"
1026,"shipper1026"
1027,"shipper1027"
1028,"shipper1028"
1029,"shipper1029"
1030,"shipper1030"
1031,"shipper1031"
1032,"shipper1032"
1033,"shipper1033"
1034,"shipper1034"
1035,"shipper1035"
1036,"shipper1036"
1037,"shipper1037"
1038,"shipper1038"
1039,"shipper1039"
1040,"shipper1040"
1041,"shipper1041"
1042,"shipper1042"
1043,"shipper1043"
1044,"shipper1044"
1045,"shipper1045"
1046,"shipper1046"
1047,"shipper1047"
1048,"shipper1048"
1049,"shipper1049"
1050,"shipper1050"
1051,"shipper1051"
1052,"shipper1052"
1053,"shipper1053"
1054,"shipper1054"
1055,"shipper1055"
1056,"shipper1056"
1057,"shipper1057"
1058,"shipper1058"
1059,"shipper1059"
1060,"shipper1060"
1061,"shipper1061"
1062,"shipper1062"
1063,"shipper1063"
1064,"shipper1064"
1065,"shipper1065"
1066,"shipper1066"
1067,"shipper1067"
1068,"shipper1068"
1069,"shipper1069"
1070,"shipper1070"
1071,"shipper1071"
1072,"shipper1072"
1073,"shipper1073"
1074,"shipper1074"
1075,"shipper1075"
1076,"shipper1076"
1077,"shipper1077"
1078,"shipper1078"
1079,"shipper1079"
1080,"shipper1080"
1081,"shipper1081"
1082,"shipper1082"
1083,"shipper1083"
1084,"shipper1084"
1085,"shipper1085"
1086,"shipper1086"
1087,"shipper1087"
1088,"shipper1088"
1089,"shipper1089"
1090,"shipper1090"
1091,"shipper1091"
1092,"shipper1092"
1093,"shipper1093"
1094,"shipper1094"
1095,"shipper1095"
1096,"shipper1096"
1097,"shipper1097"
1098,"shipper1098"
1099,"shipper1099"
1100,"shipper1100"
1101,"shipper1101"
1102,"shipper1102"
1103,"shipper1103"
1104,"shipper1104"
1105,"shipper1105"
1106,"shipper1106"
1107,"shipper1107"
1108,"shipper1108"
1109,"shipper1109"
1110,"shipper1110"
1111,"shipper1111"
1112,"shipper1112"
1113,"shipper1113"
1114,"shipper1114"
1115,"shipper1115"
1116,"shipper1116"
1117,"shipper1117"
1118,"shipper1118"
1119,"shipper1119"
1120,"shipper1120"
1121,"shipper1121"
1122,"shipper1122"
1123,"shipper1123"
1124,"shipper1124"
1125,"shipper1125"
1126,"shipper1126"
1127,"shipper1127"
1128,"shipper1128"
1129,"shipper1129"
1130,"shipper1130"
1131,"shipper1131"
1132,"shipper1132"
1133,"shipper1133"
1134,"shipper1134"
1135,"shipper1135"
1136,"shipper1136"
1137,"shipper1137"
1138,"shipper1138"
1139,"shipper1139"
1140,"shipper1140"
1141,"shipper1141"
1142,"shipper1142"
1143,"shipper1143"
1144,"shipper1144"
1145,"shipper1145"
1146,"shipper1146"
1147,"shipper1147"
1148,"shipper1148"
1149,"shipper1149"
1150,"shipper1150"
1151,"shipper1151"
1152,"shipper1152"
1153,"shipper1153"
1154,"shipper1154"
1155,"shipper1155"
1156,"shipper1156"
1157,"shipper1157"
1158,"shipper1158"
1159,"shipper1159"
1160,"shipper1160"
1161,"shipper1161"
1162,"shipper1162"
1163,"shipper1163"
1164,"shipper1164"
1165,"shipper1165"
1166,"shipper1166"
1167,"shipper1167"
1168,"shipper1168"
1169,"shipper1169"
1170,"shipper1170"
1171,"shipper1171"
1172,"shipper1172"
1173,"shipper1173"
1174,"shipper1174"
1175,"shipper1175"
1176,"shipper1176"
1177,"shipper1177"
1178,"shipper1178"
1179,"shipper1179"
1180,"shipper1180"
1181,"shipper1181"
1182,"shipper1182"
1183,"shipper1183"
1184,"shipper1184"
1185,"shipper1185"
1186,"shipper1186"
1187,"shipper1187"
1188,"shipper1188"
1189,"shipper1189"
1190,"shipper1190"
1191,"shipper1191"
1192,"shipper1192"
1193,"shipper1193"
1194,"shipper1194"
1195,"shipper1195"
1196,"shipper1196"
1197,"shipper1197"
1198,"shipper1198"
1199,"shipper1199"
1200,"shipper1200"
1201,"shipper1201"
1202,"shipper1202"
1203,"shipper1203"
1204,"shipper1204"
1205,"shipper1205"
1206,"shipper1206"
1207,"shipper1207"
1208,"shipper1208"
1209,"shipper1209"
1210,"shipper1210"
1211,"shipper1211"
1212,"shipper1212"
1213,"shipper1213"
1214,"shipper1214"
1215,"shipper1215"
1216,"shipper1216"
1217,"shipper1217"
1218,"shipper1218"
1219,"shipper1219"
1220,"shipper1220"
1221,"shipper1221"
1222,"shipper1222"
1223,"shipper1223"
1224,"shipper1224"
1225,"shipper1225"
1226,"shipper1226"
1227,"shipper1227"
1228,"shipper1228"
1229,"shipper1229"
1230,"shipper1230"
1231,"shipper1231"
1232,"shipper1232"
1233,"shipper1233"
1234,"shipper1234"
1235,"shipper1235"
1236,"shipper1236"
1237,"shipper1237"
1238,"shipper1238"
1239,"shipper1239"
1240,"shipper1240"
1241,"shipper1241"
1242,"shipper1242"
1243,"shipper1243"
1244,"shipper1244"
1245,"shipper1245"
1246,"shipper1246"
1247,"shipper1247"
1248,"shipper1248"
1249,"shipper1249"
1250,"shipper1250"
1251,"shipper1251"
1252,"shipper1252"
1253,"shipper1253"
1254,"shipper1254"
1255,"shipper1255"
1256,"shipper1256"
1257,"shipper1257"
1258,"shipper1258"
1259,"shipper1259"
1260,"shipper1260"
1261,"shipper1261"
1262,"shipper1262"
1263,"shipper1263"
1264,"shipper1264"
1265,"shipper1265"
1266,"shipper1266"
1267,"shipper1267"
1268,"shipper1268"
1269,"shipper1269"
1270,"shipper1270"
1271,"shipper1271"
1272,"shipper1272"
1273,"shipper1273"
1274,"shipper1274"
1275,"shipper1275"
1276,"shipper1276"
1277,"shipper1277"
1278,"shipper1278"
1279,"shipper1279"
1280,"shipper1280"
1281,"shipper1281"
1282,"shipper1282"
1283,"shipper1283"
1284,"shipper1284"
1285,"shipper1285"
1286,"shipper1286"
1287,"shipper1287"
1288,"shipper1288"
1289,"shipper1289"
1290,"shipper1290"
1291,"shipper1291"
1292,"shipper1292"
1293,"shipper1293"
1294,"shipper1294"
1295,"shipper1295"
1296,"shipper1296"
1297,"shipper1297"
1298,"shipper1298"
1299,"shipper1299"
1300,"shipper1300"
1301,"shipper1301"
1302,"shipper1302"
1303,"shipper1303"
1304,"shipper1304"
1305,"shipper1305"
1306,"shipper1306"
1307,"shipper1307"
1308,"shipper1308"
1309,"shipper1309"
1310,"shipper1310"
1311,"shipper1311"
1312,"shipper1312"
1313,"shipper1313"
1314,"shipper1314"
1315,"shipper1315"
1316,"shipper1316"
1317,"shipper1317"
1318,"shipper1318"
1319,"shipper1319"
1320,"shipper1320"
1321,"shipper1321"
1322,"shipper1322"
1323,"shipper1323"
1324,"shipper1324"
1325,"shipper1325"
1326,"shipper1326"
1327,"shipper1327"
1328,"shipper1328"
1329,"shipper1329"
1330,"shipper1330"
1331,"shipper1331"
1332,"shipper1332"
1333,"shipper1333"
1334,"shipper1334"
1335,"shipper1335"
1336,"shipper1336"
1337,"shipper1337"
1338,"shipper1338"
1339,"shipper1339"
1340,"shipper1340"
1341,"shipper1341"
1342,"shipper1342"
1343,"shipper1343"
1344,"shipper1344"
1345,"shipper1345"
1346,"shipper1346"
1347,"shipper1347"
1348,"shipper1348"
1349,"shipper1349"
1350,"shipper1350"
1351,"shipper1351"
1352,"shipper1352"
1353,"shipper1353"
1354,"shipper1354"
1355,"shipper1355"
1356,"shipper1356"
1357,"shipper1357"
1358,"shipper1358"
1359,"shipper1359"
1360,"shipper1360"
1361,"shipper1361"
1362,"shipper1362"
1363,"shipper1363"
1364,"shipper1364"
1365,"shipper1365"
1366,"shipper1366"
1367,"shipper1367"
1368,"shipper1368"
1369,"shipper1369"
1370,"shipper1370"
1371,"shipper1371"
1372,"shipper1372"
1373,"shipper1373"
1374,"shipper1374"
1375,"shipper1375"
1376,"shipper1376"
1377,"shipper1377"
1378,"shipper1378"
1379,"shipper1379"
1380,"shipper1380"
1381,"shipper1381"
1382,"shipper1382"
1383,"shipper1383"
1384,"shipper1384"
1385,"shipper1385"
1386,"shipper1386"
1387,"shipper1387"
1388,"shipper1388"
1389,"shipper1389"
1390,"shipper1390"
1391,"shipper1391"
1392,"shipper1392"
1393,"shipper1393"
1394,"shipper1394"
1395,"shipper1395"
1396,"shipper1396"
1397,"shipper1397"
1398,"shipper1398"
1399,"shipper1399"
1400,"shipper1400"
1401,"shipper1401"
1402,"shipper1402"
1403,"shipper1403"
1404,"shipper1404"
1405,"shipper1405"
1406,"shipper1406"
1407,"shipper1407"
1408,"shipper1408"
1409,"shipper1409"
1410,"shipper1410"
1411,"shipper1411"
1412,"shipper1412"
1413,"shipper1413"
1414,"shipper1414"
1415,"shipper1415"
1416,"shipper1416"
1417,"shipper1417"
1418,"shipper1418"
1419,"shipper1419"
1420,"shipper1420"
1421,"shipper1421"
1422,"shipper1422"
1423,"shipper1423"
1424,"shipper1424"
1425,"shipper1425"
1426,"shipper1426"
1427,"shipper1427"
1428,"shipper1428"
1429,"shipper1429"
1430,"shipper1430"
1431,"shipper1431"
1432,"shipper1432"
1433,"shipper1433"
1434,"shipper1434"
1435,"shipper1435"
1436,"shipper1436"
1437,"shipper1437"
1438,"shipper1438"
1439,"shipper1439"
1440,"shipper1440"
1441,"shipper1441"
1442,"shipper1442"
1443,"shipper1443"
1444,"shipper1444"
1445,"shipper1445"
1446,"shipper1446"
1447,"shipper1447"
1448,"shipper1448"
1449,"shipper1449"
1450,"shipper1450"
1451,"shipper1451"
1452,"shipper1452"
1453,"shipper1453"
1454,"shipper1454"
1455,"shipper1455"
1456,"shipper1456"
1457,"shipper1457"
1458,"shipper1458"
1459,"shipper1459"
1460,"shipper1460"
1461,"shipper1461"
1462,"shipper1462"
1463,"shipper1463"
1464,"shipper1464"
1465,"shipper1465"
1466,"shipper1466"
1467,"shipper1467"
1468,"shipper1468"
1469,"shipper1469"
1470,"shipper1470"
1471,"shipper1471"
1472,"shipper1472"
1473,"shipper1473"
1474,"shipper1474"
1475,"shipper1475"
1476,"shipper1476"
1477,"shipper1477"
1478,"shipper1478"
1479,"shipper1479"
1480,"shipper1480"
1481,"shipper1481"
1482,"shipper1482"
1483,"shipper1483"
1484,"shipper1484"
1485,"shipper1485"
1486,"shipper1486"
1487,"shipper1487"
1488,"shipper1488"
1489,"shipper1489"
1490,"shipper1490"
1491,"shipper1491"
1492,"shipper1492"
1493,"shipper1493"
1494,"shipper1494"
1495,"shipper1495"
1496,"shipper1496"
1497,"shipper1497"
1498,"shipper1498"
1499,"shipper1499"
1500,"shipper1500"
1501,"shipper1501"
1502,"shipper1502"
1503,"shipper1503"
1504,"shipper1504"
1505,"shipper1505"
1506,"shipper1506"
1507,"shipper1507"
1508,"shipper1508"
1509,"shipper1509"
1510,"shipper1510"
1511,"shipper1511"
1512,"shipper1512"
1513,"shipper1513"
1514,"shipper1514"
1515,"shipper1515"
1516,"shipper1516"
1517,"shipper1517"
1518,"shipper1518"
1519,"shipper1519"
1520,"shipper1520"
1521,"shipper1521"
1522,"shipper1522"
1523,"shipper1523"
1524,"shipper1524"
1525,"shipper1525"
1526,"shipper1526"
1527,"shipper1527"
1528,"shipper1528"
1529,"shipper1529"
1530,"shipper1530"
1531,"shipper1531"
1532,"shipper1532"
1533,"shipper1533"
1534,"shipper1534"
1535,"shipper1535"
1536,"shipper1536"
1537,"shipper1537"
1538,"shipper1538"
1539,"shipper1539"
1540,"shipper1540"
1541,"shipper1541"
1542,"shipper1542"
1543,"shipper1543"
1544,"shipper1544"
1545,"shipper1545"
1546,"shipper1546"
1547,"shipper1547"
1548,"shipper1548"
1549,"shipper1549"
1550,"shipper1550"
1551,"shipper1551"
1552,"shipper1552"
1553,"shipper1553"
1554,"shipper1554"
1555,"shipper1555"
1556,"shipper1556"
1557,"shipper1557"
1558,"shipper1558"
1559,"shipper1559"
1560,"shipper1560"
1561,"shipper1561"
1562,"shipper1562"
1563,"shipper1563"
1564,"shipper1564"
1565,"shipper1565"
1566,"shipper1566"
1567,"shipper1567"
1568,"shipper1568"
1569,"shipper1569"
1570,"shipper1570"
1571,"shipper1571"
1572,"shipper1572"
1573,"shipper1573"
1574,"shipper1574"
1575,"shipper1575"
1576,"shipper1576"
1577,"shipper1577"
1578,"shipper1578"
1579,"shipper1579"
1580,"shipper1580"
1581,"shipper1581"
1582,"shipper1582"
1583,"shipper1583"
1584,"shipper1584"
1585,"shipper1585"
1586,"shipper1586"
1587,"shipper1587"
1588,"shipper1588"
1589,"shipper1589"
1590,"shipper1590"
1591,"shipper1591"
1592,"shipper1592"
1593,"shipper1593"
1594,"shipper1594"
1595,"shipper1595"
1596,"shipper1596"
1597,"shipper1597"
1598,"shipper1598"
1599,"shipper1599"
1600,"shipper1600"
1601,"shipper1601"
1602,"shipper1602"
1603,"shipper1603"
1604,"shipper1604"
1605,"shipper1605"
1606,"shipper1606"
1607,"shipper1607"
1608,"shipper1608"
1609,"shipper1609"
1610,"shipper1610"
1611,"shipper1611"
1612,"shipper1612"
1613,"shipper1613"
1614,"shipper1614"
1615,"shipper1615"
1616,"shipper1616"
1617,"shipper1617"
1618,"shipper1618"
1619,"shipper1619"
1620,"shipper1620"
1621,"shipper1621"
1622,"shipper1622"
1623,"shipper1623"
1624,"shipper1624"
1625,"shipper1625"
1626,"shipper1626"
1627,"shipper1627"
1628,"shipper1628"
1629,"shipper1629"
1630,"shipper1630"
1631,"shipper1631"
1632,"shipper1632"
1633,"shipper1633"
1634,"shipper1634"
1635,"shipper1635"
1636,"shipper1636"
1637,"shipper1637"
1638,"shipper1638"
1639,"shipper1639"
1640,"shipper1640"
1641,"shipper1641"
1642,"shipper1642"
1643,"shipper1643"
1644,"shipper1644"
1645,"shipper1645"
1646,"shipper1646"
1647,"shipper1647"
1648,"shipper1648"
1649,"shipper1649"
1650,"shipper1650"
1651,"shipper1651"
1652,"shipper1652"
1653,"shipper1653"
1654,"shipper1654"
1655,"shipper1655"
1656,"shipper1656"
1657,"shipper1657"
1658,"shipper1658"
1659,"shipper1659"
1660,"shipper1660"
1661,"shipper1661"
1662,"shipper1662"
1663,"shipper1663"
1664,"shipper1664"
1665,"shipper1665"
1666,"shipper1666"
1667,"shipper1667"
1668,"shipper1668"
1669,"shipper1669"
1670,"shipper1670"
1671,"shipper1671"
1672,"shipper1672"
1673,"shipper1673"
1674,"shipper1674"
1675,"shipper1675"
1676,"shipper1676"
1677,"shipper1677"
1678,"shipper1678"
1679,"shipper1679"
1680,"shipper1680"
1681,"shipper1681"
1682,"shipper1682"
1683,"shipper1683"
1684,"shipper1684"
1685,"shipper1685"
1686,"shipper1686"
1687,"shipper1687"
1688,"shipper1688"
1689,"shipper1689"
1690,"shipper1690"
1691,"shipper1691"
1692,"shipper1692"
1693,"shipper1693"
1694,"shipper1694"
1695,"shipper1695"
1696,"shipper1696"
1697,"shipper1697"
1698,"shipper1698"
1699,"shipper1699"
1700,"shipper1700"
1701,"shipper1701"
1702,"shipper1702"
1703,"shipper1703"
1704,"shipper1704"
1705,"shipper1705"
1706,"shipper1706"
1707,"shipper1707"
1708,"shipper1708"
1709,"shipper1709"
1710,"shipper1710"
1711,"shipper1711"
1712,"shipper1712"
1713,"shipper1713"
1714,"shipper1714"
1715,"shipper1715"
1716,"shipper1716"
1717,"shipper1717"
1718,"shipper1718"
1719,"shipper1719"
1720,"shipper1720"
1721,"shipper1721"
1722,"shipper1722"
1723,"shipper1723"
1724,"shipper1724"
1725,"shipper1725"
1726,"shipper1726"
1727,"shipper1727"
1728,"shipper1728"
1729,"shipper1729"
1730,"shipper1730"
1731,"shipper1731"
1732,"shipper1732"
1733,"shipper1733"
1734,"shipper1734"
1735,"shipper1735"
1736,"shipper1736"
1737,"shipper1737"
1738,"shipper1738"
1739,"shipper1739"
1740,"shipper1740"
1741,"shipper1741"
1742,"shipper1742"
1743,"shipper1743"
1744,"shipper1744"
1745,"shipper1745"
1746,"shipper1746"
1747,"shipper1747"
1748,"shipper1748"
1749,"shipper1749"
1750,"shipper1750"
1751,"shipper1751"
1752,"shipper1752"
1753,"shipper1753"
1754,"shipper1754"
1755,"shipper1755"
1756,"shipper1756"
1757,"shipper1757"
1758,"shipper1758"
1759,"shipper1759"
1760,"shipper1760"
1761,"shipper1761"
1762,"shipper1762"
1763,"shipper1763"
1764,"shipper1764"
1765,"shipper1765"
1766,"shipper1766"
1767,"shipper1767"
1768,"shipper1768"
1769,"shipper1769"
1770,"shipper1770"
1771,"shipper1771"
1772,"shipper1772"
1773,"shipper1773"
1774,"shipper1774"
1775,"shipper1775"
1776,"shipper1776"
1777,"shipper1777"
1778,"shipper1778"
1779,"shipper1779"
1780,"shipper1780"
1781,"shipper1781"
1782,"shipper1782"
1783,"shipper1783"
1784,"shipper1784"
1785,"shipper1785"
1786,"shipper1786"
1787,"shipper1787"
1788,"shipper1788"
1789,"shipper1789"
1790,"shipper1790"
1791,"shipper1791"
1792,"shipper1792"
1793,"shipper1793"
1794,"shipper1794"
1795,"shipper1795"
1796,"shipper1796"
1797,"shipper1797"
1798,"shipper1798"
1799,"shipper1799"
1800,"shipper1800"
1801,"shipper1801"
1802,"shipper1802"
1803,"shipper1803"
1804,"shipper1804"
1805,"shipper1805"
1806,"shipper1806"
1807,"shipper1807"
1808,"shipper1808"
1809,"shipper1809"
1810,"shipper1810"
1811,"shipper1811"
1812,"shipper1812"
1813,"shipper1813"
1814,"shipper1814"
1815,"shipper1815"
1816,"shipper1816"
1817,"shipper1817"
1818,"shipper1818"
1819,"shipper1819"
1820,"shipper1820"
1821,"shipper1821"
1822,"shipper1822"
1823,"shipper1823"
1824,"shipper1824"
1825,"shipper1825"
1826,"shipper1826"
1827,"shipper1827"
1828,"shipper1828"
1829,"shipper1829"
1830,"shipper1830"
1831,"shipper1831"
1832,"shipper1832"
1833,"shipper1833"
1834,"shipper1834"
1835,"shipper1835"
1836,"shipper1836"
1837,"shipper1837"
1838,"shipper1838"
1839,"shipper1839"
1840,"shipper1840"
1841,"shipper1841"
1842,"shipper1842"
1843,"shipper1843"
1844,"shipper1844"
1845,"shipper1845"
1846,"shipper1846"
1847,"shipper1847"
1848,"shipper1848"
1849,"shipper1849"
1850,"shipper1850"
1851,"shipper1851"
1852,"shipper1852"
1853,"shipper1853"
1854,"shipper1854"
1855,"shipper1855"
1856,"shipper1856"
1857,"shipper1857"
1858,"shipper1858"
1859,"shipper1859"
1860,"shipper1860"
1861,"shipper1861"
1862,"shipper1862"
1863,"shipper1863"
1864,"shipper1864"
1865,"shipper1865"
1866,"shipper1866"
1867,"shipper1867"
1868,"shipper1868"
1869,"shipper1869"
1870,"shipper1870"
1871,"shipper1871"
1872,"shipper1872"
1873,"shipper1873"
1874,"shipper1874"
1875,"shipper1875"
1876,"shipper1876"
1877,"shipper1877"
1878,"shipper1878"
1879,"shipper1879"
1880,"shipper1880"
1881,"shipper1881"
1882,"shipper1882"
1883,"shipper1883"
1884,"shipper1884"
1885,"shipper1885"
1886,"shipper1886"
1887,"shipper1887"
1888,"shipper1888"
1889,"shipper1889"
1890,"shipper1890"
1891,"shipper1891"
1892,"shipper1892"
1893,"shipper1893"
1894,"shipper1894"
1895,"shipper1895"
1896,"shipper1896"
1897,"shipper1897"
1898,"shipper1898"
1899,"shipper1899"
1900,"shipper1900"
1901,"shipper1901"
1902,"shipper1902"
1903,"shipper1903"
1904,"shipper1904"
1905,"shipper1905"
1906,"shipper1906"
1907,"shipper1907"
1908,"shipper1908"
1909,"shipper1909"
1910,"shipper1910"
1911,"shipper1911"
1912,"shipper1912"
1913,"shipper1913"
1914,"shipper1914"
1915,"shipper1915"
1916,"shipper1916"
1917,"shipper1917"
1918,"shipper1918"
1919,"shipper1919"
1920,"shipper1920"
1921,"shipper1921"
1922,"shipper1922"
1923,"shipper1923"
1924,"shipper1924"
1925,"shipper1925"
1926,"shipper1926"
1927,"shipper1927"
1928,"shipper1928"
1929,"shipper1929"
1930,"shipper1930"
1931,"shipper1931"
1932,"shipper1932"
1933,"shipper1933"
1934,"shipper1934"
1935,"shipper1935"
1936,"shipper1936"
1937,"shipper1937"
1938,"shipper1938"
1939,"shipper1939"
1940,"shipper1940"
1941,"shipper1941"
1942,"shipper1942"
1943,"shipper1943"
1944,"shipper1944"
1945,"shipper1945"
1946,"shipper1946"
1947,"shipper1947"
1948,"shipper1948"
1949,"shipper1949"
1950,"shipper1950"
1951,"shipper1951"
1952,"shipper1952"
1953,"shipper1953"
1954,"shipper1954"
1955,"shipper1955"
1956,"shipper1956"
1957,"shipper1957"
1958,"shipper1958"
1959,"shipper1959"
1960,"shipper1960"
1961,"shipper1961"
1962,"shipper1962"
1963,"shipper1963"
1964,"shipper1964"
1965,"shipper1965"
1966,"shipper1966"
1967,"shipper1967"
1968,"shipper1968"
1969,"shipper1969"
1970,"shipper1970"
1971,"shipper1971"
1972,"shipper1972"
1973,"shipper1973"
1974,"shipper1974"
1975,"shipper1975"
1976,"shipper1976"
1977,"shipper1977"
1978,"shipper1978"
1979,"shipper1979"
1980,"shipper1980"
1981,"shipper1981"
1982,"shipper1982"
1983,"shipper1983"
1984,"shipper1984"
1985,"shipper1985"
1986,"shipper1986"
1987,"shipper1987"
1988,"shipper1988"
1989,"shipper1989"
1990,"shipper1990"
1991,"shipper1991"
1992,"shipper1992"
1993,"shipper1993"
1994,"shipper1994"
1995,"shipper1995"
1996,"shipper1996"
1997,"shipper1997"
1998,"shipper1998"
1999,"shipper1999"
2000,"shipper2000"