"product category1","code1"
"product category2","code2"
"product category3","code3"
"product category4","code4"
"product category5","code5"
"product category6","code6"
"product category7","code7"
"product category8","code8"
"product category9","code9"
"product category10","code10"
"product category11","code11"
"product category12","code12"
"product category13","code13"
"product category14","code14"
"product category15","code15"
"product category16","code16"
"product category17","code17"
"product category18","code18"
"product category19","code19"
"product category20","code20"
"product category21","code21"
"product category22","code22"
"product category23","code23"
"product category24","code24"
"product category25","code25"
"product category26","code26"
"product category27","code27"
"product category28","code28"
"product category29","code29"
"product category30","code30"
"product category31","code31"
"product category32","code32"
"product category33","code33"
"product category34","code34"
"product category35","code35"
"product category36","code36"
"product category37","code37"
"product category38","code38"
"product category39","code39"
"product category40","code40"
"product category41","code41"
"product category42","code42"
"product category43","code43"
"product category44","code44"
"product category45","code45"
"product category46","code46"
"product category47","code47"
"product category48","code48"
"product category49","code49"
"product category50","code50"
"product category51","code51"
"product category52","code52"
"product category53","code53"
"product category54","code54"
"product category55","code55"
"product category56","code56"
"product category57","code57"
"product category58","code58"
"product category59","code59"
"product category60","code60"
"product category61","code61"
"product category62","code62"
"product category63","code63"
"product category64","code64"
"product category65","code65"
"product category66","code66"
"product category67","code67"
"product category68","code68"
"product category69","code69"
"product category70","code70"
"product category71","code71"
"product category72","code72"
"product category73","code73"
"product category74","code74"
"product category75","code75"
"product category76","code76"
"product category77","code77"
"product category78","code78"
"product category79","code79"
"product category80","code80"
"product category81","code81"
"product category82","code82"
"product category83","code83"
"product category84","code84"
"product category85","code85"
"product category86","code86"
"product category87","code87"
"product category88","code88"
"product category89","code89"
"product category90","code90"
"product category91","code91"
"product category92","code92"
"product category93","code93"
"product category94","code94"
"product category95","code95"
"product category96","code96"
"product category97","code97"
"product category98","code98"
"product category99","code99"
"product category100","code100"
"product category101","code101"
"product category102","code102"
"product category103","code103"
"product category104","code104"
"product category105","code105"
"product category106","code106"
"product category107","code107"
"product category108","code108"
"product category109","code109"
"product category110","code110"
"product category111","code111"
"product category112","code112"
"product category113","code113"
"product category114","code114"
"product category115","code115"
"product category116","code116"
"product category117","code117"
"product category118","code118"
"product category119","code119"
"product category120","code120"
"product category121","code121"
"product category122","code122"
"product category123","code123"
"product category124","code124"
"product category125","code125"
"product category126","code126"
"product category127","code127"
"product category128","code128"
"product category129","code129"
"product category130","code130"
"product category131","code131"
"product category132","code132"
"product category133","code133"
"product category134","code134"
"product category135","code135"
"product category136","code136"
"product category137","code137"
"product category138","code138"
"product category139","code139"
"product category140","code140"
"product category141","code141"
"product category142","code142"
"product category143","code143"
"product category144","code144"
"product category145","code145"
"product category146","code146"
"product category147","code147"
"product category148","code148"
"product category149","code149"
"product category150","code150"
"product category151","code151"
"product category152","code152"
"product category153","code153"
"product category154","code154"
"product category155","code155"
"product category156","code156"
"product category157","code157"
"product category158","code158"
"product category159","code159"
"product category160","code160"
"product category161","code161"
"product category162","code162"
"product category163","code163"
"product category164","code164"
"product category165","code165"
"product category166","code166"
"product category167","code167"
"product category168","code168"
"product category169","code169"
"product category170","code170"
"product category171","code171"
"product category172","code172"
"product category173","code173"
"product category174","code174"
"product category175","code175"
"product category176","code176"
"product category177","code177"
"product category178","code178"
"product category179","code179"
"product category180","code180"
"product category181","code181"
"product category182","code182"
"product category183","code183"
"product category184","code184"
"product category185","code185"
"product category186","code186"
"product category187","code187"
"product category188","code188"
"product category189","code189"
"product category190","code190"
"product category191","code191"
"product category192","code192"
"product category193","code193"
"product category194","code194"
"product category195","code195"
"product category196","code196"
"product category197","code197"
"product category198","code198"
"product category199","code199"
"product category200","code200"
"product category201","code201"
"product category202","code202"
"product category203","code203"
"product category204","code204"
"product category205","code205"
"product category206","code206"
"product category207","code207"
"product category208","code208"
"product category209","code209"
"product category210","code210"
"product category211","code211"
"product category212","code212"
"product category213","code213"
"product category214","code214"
"product category215","code215"
"product category216","code216"
"product category217","code217"
"product category218","code218"
"product category219","code219"
"product category220","code220"
"product category221","code221"
"product category222","code222"
"product category223","code223"
"product category224","code224"
"product category225","code225"
"product category226","code226"
"product category227","code227"
"product category228","code228"
"product category229","code229"
"product category230","code230"
"product category231","code231"
"product category232","code232"
"product category233","code233"
"product category234","code234"
"product category235","code235"
"product category236","code236"
"product category237","code237"
"product category238","code238"
"product category239","code239"
"product category240","code240"
"product category241","code241"
"product category242","code242"
"product category243","code243"
"product category244","code244"
"product category245","code245"
"product category246","code246"
"product category247","code247"
"product category248","code248"
"product category249","code249"
"product category250","code250"
"product category251","code251"
"product category252","code252"
"product category253","code253"
"product category254","code254"
"product category255","code255"
"product category256","code256"
"product category257","code257"
"product category258","code258"
"product category259","code259"
"product category260","code260"
"product category261","code261"
"product category262","code262"
"product category263","code263"
"product category264","code264"
"product category265","code265"
"product category266","code266"
"product category267","code267"
"product category268","code268"
"product category269","code269"
"product category270","code270"
"product category271","code271"
"product category272","code272"
"product category273","code273"
"product category274","code274"
"product category275","code275"
"product category276","code276"
"product category277","code277"
"product category278","code278"
"product category279","code279"
"product category280","code280"
"product category281","code281"
"product category282","code282"
"product category283","code283"
"product category284","code284"
"product category285","code285"
"product category286","code286"
"product category287","code287"
"product category288","code288"
"product category289","code289"
"product category290","code290"
"product category291","code291"
"product category292","code292"
"product category293","code293"
"product category294","code294"
"product category295","code295"
"product category296","code296"
"product category297","code297"
"product category298","code298"
"product category299","code299"
"product category300","code300"
"product category301","code301"
"product category302","code302"
"product category303","code303"
"product category304","code304"
"product category305","code305"
"product category306","code306"
"product category307","code307"
"product category308","code308"
"product category309","code309"
"product category310","code310"
"product category311","code311"
"product category312","code312"
"product category313","code313"
"product category314","code314"
"product category315","code315"
"product category316","code316"
"product category317","code317"
"product category318","code318"
"product category319","code319"
"product category320","code320"
"product category321","code321"
"product category322","code322"
"product category323","code323"
"product category324","code324"
"product category325","code325"
"product category326","code326"
"product category327","code327"
"product category328","code328"
"product category329","code329"
"product category330","code330"
"product category331","code331"
"product category332","code332"
"product category333","code333"
"product category334","code334"
"product category335","code335"
"product category336","code336"
"product category337","code337"
"product category338","code338"
"product category339","code339"
"product category340","code340"
"product category341","code341"
"product category342","code342"
"product category343","code343"
"product category344","code344"
"product category345","code345"
"product category346","code346"
"product category347","code347"
"product category348","code348"
"product category349","code349"
"product category350","code350"
"product category351","code351"
"product category352","code352"
"product category353","code353"
"product category354","code354"
"product category355","code355"
"product category356","code356"
"product category357","code357"
"product category358","code358"
"product category359","code359"
"product category360","code360"
"product category361","code361"
"product category362","code362"
"product category363","code363"
"product category364","code364"
"product category365","code365"
"product category366","code366"
"product category367","code367"
"product category368","code368"
"product category369","code369"
"product category370","code370"
"product category371","code371"
"product category372","code372"
"product category373","code373"
"product category374","code374"
"product category375","code375"
"product category376","code376"
"product category377","code377"
"product category378","code378"
"product category379","code379"
"product category380","code380"
"product category381","code381"
"product category382","code382"
"product category383","code383"
"product category384","code384"
"product category385","code385"
"product category386","code386"
"product category387","code387"
"product category388","code388"
"product category389","code389"
"product category390","code390"
"product category391","code391"
"product category392","code392"
"product category393","code393"
"product category394","code394"
"product category395","code395"
"product category396","code396"
"product category397","code397"
"product category398","code398"
"product category399","code399"
"product category400","code400"
"product category401","code401"
"product category402","code402"
"product category403","code403"
"product category404","code404"
"product category405","code405"
"product category406","code406"
"product category407","code407"
"product category408","code408"
"product category409","code409"
"product category410","code410"
"product category411","code411"
"product category412","code412"
"product category413","code413"
"product category414","code414"
"product category415","code415"
"product category416","code416"
"product category417","code417"
"product category418","code418"
"product category419","code419"
"product category420","code420"
"product category421","code421"
"product category422","code422"
"product category423","code423"
"product category424","code424"
"product category425","code425"
"product category426","code426"
"product category427","code427"
"product category428","code428"
"product category429","code429"
"product category430","code430"
"product category431","code431"
"product category432","code432"
"product category433","code433"
"product category434","code434"
"product category435","code435"
"product category436","code436"
"product category437","code437"
"product category438","code438"
"product category439","code439"
"product category440","code440"
"product category441","code441"
"product category442","code442"
"product category443","code443"
"product category444","code444"
"product category445","code445"
"product category446","code446"
"product category447","code447"
"product category448","code448"
"product category449","code449"
"product category450","code450"
"product category451","code451"
"product category452","code452"
"product category453","code453"
"product category454","code454"
"product category455","code455"
"product category456","code456"
"product category457","code457"
"product category458","code458"
"product category459","code459"
"product category460","code460"
"product category461","code461"
"product category462","code462"
"product category463","code463"
"product category464","code464"
"product category465","code465"
"product category466","code466"
"product category467","code467"
"product category468","code468"
"product category469","code469"
"product category470","code470"
"product category471","code471"
"product category472","code472"
"product category473","code473"
"product category474","code474"
"product category475","code475"
"product category476","code476"
"product category477","code477"
"product category478","code478"
"product category479","code479"
"product category480","code480"
"product category481","code481"
"product category482","code482"
"product category483","code483"
"product category484","code484"
"product category485","code485"
"product category486","code486"
"product category487","code487"
"product category488","code488"
"product category489","code489"
"product category490","code490"
"product category491","code491"
"product category492","code492"
"product category493","code493"
"product category494","code494"
"product category495","code495"
"product category496","code496"
"product category497","code497"
"product category498","code498"
"product category499","code499"
"product category500","code500"
"product category501","code501"
"product category502","code502"
"product category503","code503"
"product category504","code504"
"product category505","code505"
"product category506","code506"
"product category507","code507"
"product category508","code508"
"product category509","code509"
"product category510","code510"
"product category511","code511"
"product category512","code512"
"product category513","code513"
"product category514","code514"
"product category515","code515"
"product category516","code516"
"product category517","code517"
"product category518","code518"
"product category519","code519"
"product category520","code520"
"product category521","code521"
"product category522","code522"
"product category523","code523"
"product category524","code524"
"product category525","code525"
"product category526","code526"
"product category527","code527"
"product category528","code528"
"product category529","code529"
"product category530","code530"
"product category531","code531"
"product category532","code532"
"product category533","code533"
"product category534","code534"
"product category535","code535"
"product category536","code536"
"product category537","code537"
"product category538","code538"
"product category539","code539"
"product category540","code540"
"product category541","code541"
"product category542","code542"
"product category543","code543"
"product category544","code544"
"product category545","code545"
"product category546","code546"
"product category547","code547"
"product category548","code548"
"product category549","code549"
"product category550","code550"
"product category551","code551"
"product category552","code552"
"product category553","code553"
"product category554","code554"
"product category555","code555"
"product category556","code556"
"product category557","code557"
"product category558","code558"
"product category559","code559"
"product category560","code560"
"product category561","code561"
"product category562","code562"
"product category563","code563"
"product category564","code564"
"product category565","code565"
"product category566","code566"
"product category567","code567"
"product category568","code568"
"product category569","code569"
"product category570","code570"
"product category571","code571"
"product category572","code572"
"product category573","code573"
"product category574","code574"
"product category575","code575"
"product category576","code576"
"product category577","code577"
"product category578","code578"
"product category579","code579"
"product category580","code580"
"product category581","code581"
"product category582","code582"
"product category583","code583"
"product category584","code584"
"product category585","code585"
"product category586","code586"
"product category587","code587"
"product category588","code588"
"product category589","code589"
"product category590","code590"
"product category591","code591"
"product category592","code592"
"product category593","code593"
"product category594","code594"
"product category595","code595"
"product category596","code596"
"product category597","code597"
"product category598","code598"
"product category599","code599"
"product category600","code600"
"product category601","code601"
"product category602","code602"
"product category603","code603"
"product category604","code604"
"product category605","code605"
"product category606","code606"
"product category607","code607"
"product category608","code608"
"product category609","code609"
"product category610","code610"
"product category611","code611"
"product category612","code612"
"product category613","code613"
"product category614","code614"
"product category615","code615"
"product category616","code616"
"product category617","code617"
"product category618","code618"
"product category619","code619"
"product category620","code620"
"product category621","code621"
"product category622","code622"
"product category623","code623"
"product category624","code624"
"product category625","code625"
"product category626","code626"
"product category627","code627"
"product category628","code628"
"product category629","code629"
"product category630","code630"
"product category631","code631"
"product category632","code632"
"product category633","code633"
"product category634","code634"
"product category635","code635"
"product category636","code636"
"product category637","code637"
"product category638","code638"
"product category639","code639"
"product category640","code640"
"product category641","code641"
"product category642","code642"
"product category643","code643"
"product category644","code644"
"product category645","code645"
"product category646","code646"
"product category647","code647"
"product category648","code648"
"product category649","code649"
"product category650","code650"
"product category651","code651"
"product category652","code652"
"product category653","code653"
"product category654","code654"
"product category655","code655"
"product category656","code656"
"product category657","code657"
"product category658","code658"
"product category659","code659"
"product category660","code660"
"product category661","code661"
"product category662","code662"
"product category663","code663"
"product category664","code664"
"product category665","code665"
"product category666","code666"
"product category667","code667"
"product category668","code668"
"product category669","code669"
"product category670","code670"
"product category671","code671"
"product category672","code672"
"product category673","code673"
"product category674","code674"
"product category675","code675"
"product category676","code676"
"product category677","code677"
"product category678","code678"
"product category679","code679"
"product category680","code680"
"product category681","code681"
"product category682","code682"
"product category683","code683"
"product category684","code684"
"product category685","code685"
"product category686","code686"
"product category687","code687"
"product category688","code688"
"product category689","code689"
"product category690","code690"
"product category691","code691"
"product category692","code692"
"product category693","code693"
"product category694","code694"
"product category695","code695"
"product category696","code696"
"product category697","code697"
"product category698","code698"
"product category699","code699"
"product category700","code700"
"product category701","code701"
"product category702","code702"
"product category703","code703"
"product category704","code704"
"product category705","code705"
"product category706","code706"
"product category707","code707"
"product category708","code708"
"product category709","code709"
"product category710","code710"
"product category711","code711"
"product category712","code712"
"product category713","code713"
"product category714","code714"
"product category715","code715"
"product category716","code716"
"product category717","code717"
"product category718","code718"
"product category719","code719"
"product category720","code720"
"product category721","code721"
"product category722","code722"
"product category723","code723"
"product category724","code724"
"product category725","code725"
"product category726","code726"
"product category727","code727"
"product category728","code728"
"product category729","code729"
"product category730","code730"
"product category731","code731"
"product category732","code732"
"product category733","code733"
"product category734","code734"
"product category735","code735"
"product category736","code736"
"product category737","code737"
"product category738","code738"
"product category739","code739"
"product category740","code740"
"product category741","code741"
"product category742","code742"
"product category743","code743"
"product category744","code744"
"product category745","code745"
"product category746","code746"
"product category747","code747"
"product category748","code748"
"product category749","code749"
"product category750","code750"
"product category751","code751"
"product category752","code752"
"product category753","code753"
"product category754","code754"
"product category755","code755"
"product category756","code756"
"product category757","code757"
"product category758","code758"
"product category759","code759"
"product category760","code760"
"product category761","code761"
"product category762","code762"
"product category763","code763"
"product category764","code764"
"product category765","code765"
"product category766","code766"
"product category767","code767"
"product category768","code768"
"product category769","code769"
"product category770","code770"
"product category771","code771"
"product category772","code772"
"product category773","code773"
"product category774","code774"
"product category775","code775"
"product category776","code776"
"product category777","code777"
"product category778","code778"
"product category779","code779"
"product category780","code780"
"product category781","code781"
"product category782","code782"
"product category783","code783"
"product category784","code784"
"product category785","code785"
"product category786","code786"
"product category787","code787"
"product category788","code788"
"product category789","code789"
"product category790","code790"
"product category791","code791"
"product category792","code792"
"product category793","code793"
"product category794","code794"
"product category795","code795"
"product category796","code796"
"product category797","code797"
"product category798","code798"
"product category799","code799"
"product category800","code800"
"product category801","code801"
"product category802","code802"
"product category803","code803"
"product category804","code804"
"product category805","code805"
"product category806","code806"
"product category807","code807"
"product category808","code808"
"product category809","code809"
"product category810","code810"
"product category811","code811"
"product category812","code812"
"product category813","code813"
"product category814","code814"
"product category815","code815"
"product category816","code816"
"product category817","code817"
"product category818","code818"
"product category819","code819"
"product category820","code820"
"product category821","code821"
"product category822","code822"
"product category823","code823"
"product category824","code824"
"product category825","code825"
"product category826","code826"
"product category827","code827"
"product category828","code828"
"product category829","code829"
"product category830","code830"
"product category831","code831"
"product category832","code832"
"product category833","code833"
"product category834","code834"
"product category835","code835"
"product category836","code836"
"product category837","code837"
"product category838","code838"
"product category839","code839"
"product category840","code840"
"product category841","code841"
"product category842","code842"
"product category843","code843"
"product category844","code844"
"product category845","code845"
"product category846","code846"
"product category847","code847"
"product category848","code848"
"product category849","code849"
"product category850","code850"
"product category851","code851"
"product category852","code852"
"product category853","code853"
"product category854","code854"
"product category855","code855"
"product category856","code856"
"product category857","code857"
"product category858","code858"
"product category859","code859"
"product category860","code860"
"product category861","code861"
"product category862","code862"
"product category863","code863"
"product category864","code864"
"product category865","code865"
"product category866","code866"
"product category867","code867"
"product category868","code868"
"product category869","code869"
"product category870","code870"
"product category871","code871"
"product category872","code872"
"product category873","code873"
"product category874","code874"
"product category875","code875"
"product category876","code876"
"product category877","code877"
"product category878","code878"
"product category879","code879"
"product category880","code880"
"product category881","code881"
"product category882","code882"
"product category883","code883"
"product category884","code884"
"product category885","code885"
"product category886","code886"
"product category887","code887"
"product category888","code888"
"product category889","code889"
"product category890","code890"
"product category891","code891"
"product category892","code892"
"product category893","code893"
"product category894","code894"
"product category895","code895"
"product category896","code896"
"product category897","code897"
"product category898","code898"
"product category899","code899"
"product category900","code900"
"product category901","code901"
"product category902","code902"
"product category903","code903"
"product category904","code904"
"product category905","code905"
"product category906","code906"
"product category907","code907"
"product category908","code908"
"product category909","code909"
"product category910","code910"
"product category911","code911"
"product category912","code912"
"product category913","code913"
"product category914","code914"
"product category915","code915"
"product category916","code916"
"product category917","code917"
"product category918","code918"
"product category919","code919"
"product category920","code920"
"product category921","code921"
"product category922","code922"
"product category923","code923"
"product category924","code924"
"product category925","code925"
"product category926","code926"
"product category927","code927"
"product category928","code928"
"product category929","code929"
"product category930","code930"
"product category931","code931"
"product category932","code932"
"product category933","code933"
"product category934","code934"
"product category935","code935"
"product category936","code936"
"product category937","code937"
"product category938","code938"
"product category939","code939"
"product category940","code940"
"product category941","code941"
"product category942","code942"
"product category943","code943"
"product category944","code944"
"product category945","code945"
"product category946","code946"
"product category947","code947"
"product category948","code948"
"product category949","code949"
"product category950","code950"
"product category951","code951"
"product category952","code952"
"product category953","code953"
"product category954","code954"
"product category955","code955"
"product category956","code956"
"product category957","code957"
"product category958","code958"
"product category959","code959"
"product category960","code960"
"product category961","code961"
"product category962","code962"
"product category963","code963"
"product category964","code964"
"product category965","code965"
"product category966","code966"
"product category967","code967"
"product category968","code968"
"product category969","code969"
"product category970","code970"
"product category971","code971"
"product category972","code972"
"product category973","code973"
"product category974","code974"
"product category975","code975"
"product category976","code976"
"product category977","code977"
"product category978","code978"
"product category979","code979"
"product category980","code980"
"product category981","code981"
"product category982","code982"
"product category983","code983"
"product category984","code984"
"product category985","code985"
"product category986","code986"
"product category987","code987"
"product category988","code988"
"product category989","code989"
"product category990","code990"
"product category991","code991"
"product category992","code992"
"product category993","code993"
"product category994","code994"
"product category995","code995"
"product category996","code996"
"product category997","code997"
"product category998","code998"
"product category999","code999"
"product category1000","code1000"
"product category1001","code1001"
"product category1002","code1002"
"product category1003","code1003"
"product category1004","code1004"
"product category1005","code1005"
"product category1006","code1006"
"product category1007","code1007"
"product category1008","code1008"
"product category1009","code1009"
"product category1010","code1010"
"product category1011","code1011"
"product category1012","code1012"
"product category1013","code1013"
"product category1014","code1014"
"product category1015","code1015"
"product category1016","code1016"
"product category1017","code1017"
"product category1018","code1018"
"product category1019","code1019"
"product category1020","code1020"
"product category1021","code1021"
"product category1022","code1022"
"product category1023","code1023"
"product category1024","code1024"
"product category1025","code1025"
"product category1026","code1026"
"product category1027","code1027"
"product category1028","code1028"
"product category1029","code1029"
"product category1030","code1030"
"product category1031","code1031"
"product category1032","code1032"
"product category1033","code1033"
"product category1034","code1034"
"product category1035","code1035"
"product category1036","code1036"
"product category1037","code1037"
"product category1038","code1038"
"product category1039","code1039"
"product category1040","code1040"
"product category1041","code1041"
"product category1042","code1042"
"product category1043","code1043"
"product category1044","code1044"
"product category1045","code1045"
"product category1046","code1046"
"product category1047","code1047"
"product category1048","code1048"
"product category1049","code1049"
"product category1050","code1050"
"product category1051","code1051"
"product category1052","code1052"
"product category1053","code1053"
"product category1054","code1054"
"product category1055","code1055"
"product category1056","code1056"
"product category1057","code1057"
"product category1058","code1058"
"product category1059","code1059"
"product category1060","code1060"
"product category1061","code1061"
"product category1062","code1062"
"product category1063","code1063"
"product category1064","code1064"
"product category1065","code1065"
"product category1066","code1066"
"product category1067","code1067"
"product category1068","code1068"
"product category1069","code1069"
"product category1070","code1070"
"product category1071","code1071"
"product category1072","code1072"
"product category1073","code1073"
"product category1074","code1074"
"product category1075","code1075"
"product category1076","code1076"
"product category1077","code1077"
"product category1078","code1078"
"product category1079","code1079"
"product category1080","code1080"
"product category1081","code1081"
"product category1082","code1082"
"product category1083","code1083"
"product category1084","code1084"
"product category1085","code1085"
"product category1086","code1086"
"product category1087","code1087"
"product category1088","code1088"
"product category1089","code1089"
"product category1090","code1090"
"product category1091","code1091"
"product category1092","code1092"
"product category1093","code1093"
"product category1094","code1094"
"product category1095","code1095"
"product category1096","code1096"
"product category1097","code1097"
"product category1098","code1098"
"product category1099","code1099"
"product category1100","code1100"
"product category1101","code1101"
"product category1102","code1102"
"product category1103","code1103"
"product category1104","code1104"
"product category1105","code1105"
"product category1106","code1106"
"product category1107","code1107"
"product category1108","code1108"
"product category1109","code1109"
"product category1110","code1110"
"product category1111","code1111"
"product category1112","code1112"
"product category1113","code1113"
"product category1114","code1114"
"product category1115","code1115"
"product category1116","code1116"
"product category1117","code1117"
"product category1118","code1118"
"product category1119","code1119"
"product category1120","code1120"
"product category1121","code1121"
"product category1122","code1122"
"product category1123","code1123"
"product category1124","code1124"
"product category1125","code1125"
"product category1126","code1126"
"product category1127","code1127"
"product category1128","code1128"
"product category1129","code1129"
"product category1130","code1130"
"product category1131","code1131"
"product category1132","code1132"
"product category1133","code1133"
"product category1134","code1134"
"product category1135","code1135"
"product category1136","code1136"
"product category1137","code1137"
"product category1138","code1138"
"product category1139","code1139"
"product category1140","code1140"
"product category1141","code1141"
"product category1142","code1142"
"product category1143","code1143"
"product category1144","code1144"
"product category1145","code1145"
"product category1146","code1146"
"product category1147","code1147"
"product category1148","code1148"
"product category1149","code1149"
"product category1150","code1150"
"product category1151","code1151"
"product category1152","code1152"
"product category1153","code1153"
"product category1154","code1154"
"product category1155","code1155"
"product category1156","code1156"
"product category1157","code1157"
"product category1158","code1158"
"product category1159","code1159"
"product category1160","code1160"
"product category1161","code1161"
"product category1162","code1162"
"product category1163","code1163"
"product category1164","code1164"
"product category1165","code1165"
"product category1166","code1166"
"product category1167","code1167"
"product category1168","code1168"
"product category1169","code1169"
"product category1170","code1170"
"product category1171","code1171"
"product category1172","code1172"
"product category1173","code1173"
"product category1174","code1174"
"product category1175","code1175"
"product category1176","code1176"
"product category1177","code1177"
"product category1178","code1178"
"product category1179","code1179"
"product category1180","code1180"
"product category1181","code1181"
"product category1182","code1182"
"product category1183","code1183"
"product category1184","code1184"
"product category1185","code1185"
"product category1186","code1186"
"product category1187","code1187"
"product category1188","code1188"
"product category1189","code1189"
"product category1190","code1190"
"product category1191","code1191"
"product category1192","code1192"
"product category1193","code1193"
"product category1194","code1194"
"product category1195","code1195"
"product category1196","code1196"
"product category1197","code1197"
"product category1198","code1198"
"product category1199","code1199"
"product category1200","code1200"
"product category1201","code1201"
"product category1202","code1202"
"product category1203","code1203"
"product category1204","code1204"
"product category1205","code1205"
"product category1206","code1206"
"product category1207","code1207"
"product category1208","code1208"
"product category1209","code1209"
"product category1210","code1210"
"product category1211","code1211"
"product category1212","code1212"
"product category1213","code1213"
"product category1214","code1214"
"product category1215","code1215"
"product category1216","code1216"
"product category1217","code1217"
"product category1218","code1218"
"product category1219","code1219"
"product category1220","code1220"
"product category1221","code1221"
"product category1222","code1222"
"product category1223","code1223"
"product category1224","code1224"
"product category1225","code1225"
"product category1226","code1226"
"product category1227","code1227"
"product category1228","code1228"
"product category1229","code1229"
"product category1230","code1230"
"product category1231","code1231"
"product category1232","code1232"
"product category1233","code1233"
"product category1234","code1234"
"product category1235","code1235"
"product category1236","code1236"
"product category1237","code1237"
"product category1238","code1238"
"product category1239","code1239"
"product category1240","code1240"
"product category1241","code1241"
"product category1242","code1242"
"product category1243","code1243"
"product category1244","code1244"
"product category1245","code1245"
"product category1246","code1246"
"product category1247","code1247"
"product category1248","code1248"
"product category1249","code1249"
"product category1250","code1250"
"product category1251","code1251"
"product category1252","code1252"
"product category1253","code1253"
"product category1254","code1254"
"product category1255","code1255"
"product category1256","code1256"
"product category1257","code1257"
"product category1258","code1258"
"product category1259","code1259"
"product category1260","code1260"
"product category1261","code1261"
"product category1262","code1262"
"product category1263","code1263"
"product category1264","code1264"
"product category1265","code1265"
"product category1266","code1266"
"product category1267","code1267"
"product category1268","code1268"
"product category1269","code1269"
"product category1270","code1270"
"product category1271","code1271"
"product category1272","code1272"
"product category1273","code1273"
"product category1274","code1274"
"product category1275","code1275"
"product category1276","code1276"
"product category1277","code1277"
"product category1278","code1278"
"product category1279","code1279"
"product category1280","code1280"
"product category1281","code1281"
"product category1282","code1282"
"product category1283","code1283"
"product category1284","code1284"
"product category1285","code1285"
"product category1286","code1286"
"product category1287","code1287"
"product category1288","code1288"
"product category1289","code1289"
"product category1290","code1290"
"product category1291","code1291"
"product category1292","code1292"
"product category1293","code1293"
"product category1294","code1294"
"product category1295","code1295"
"product category1296","code1296"
"product category1297","code1297"
"product category1298","code1298"
"product category1299","code1299"
"product category1300","code1300"
"product category1301","code1301"
"product category1302","code1302"
"product category1303","code1303"
"product category1304","code1304"
"product category1305","code1305"
"product category1306","code1306"
"product category1307","code1307"
"product category1308","code1308"
"product category1309","code1309"
"product category1310","code1310"
"product category1311","code1311"
"product category1312","code1312"
"product category1313","code1313"
"product category1314","code1314"
"product category1315","code1315"
"product category1316","code1316"
"product category1317","code1317"
"product category1318","code1318"
"product category1319","code1319"
"product category1320","code1320"
"product category1321","code1321"
"product category1322","code1322"
"product category1323","code1323"
"product category1324","code1324"
"product category1325","code1325"
"product category1326","code1326"
"product category1327","code1327"
"product category1328","code1328"
"product category1329","code1329"
"product category1330","code1330"
"product category1331","code1331"
"product category1332","code1332"
"product category1333","code1333"
"product category1334","code1334"
"product category1335","code1335"
"product category1336","code1336"
"product category1337","code1337"
"product category1338","code1338"
"product category1339","code1339"
"product category1340","code1340"
"product category1341","code1341"
"product category1342","code1342"
"product category1343","code1343"
"product category1344","code1344"
"product category1345","code1345"
"product category1346","code1346"
"product category1347","code1347"
"product category1348","code1348"
"product category1349","code1349"
"product category1350","code1350"
"product category1351","code1351"
"product category1352","code1352"
"product category1353","code1353"
"product category1354","code1354"
"product category1355","code1355"
"product category1356","code1356"
"product category1357","code1357"
"product category1358","code1358"
"product category1359","code1359"
"product category1360","code1360"
"product category1361","code1361"
"product category1362","code1362"
"product category1363","code1363"
"product category1364","code1364"
"product category1365","code1365"
"product category1366","code1366"
"product category1367","code1367"
"product category1368","code1368"
"product category1369","code1369"
"product category1370","code1370"
"product category1371","code1371"
"product category1372","code1372"
"product category1373","code1373"
"product category1374","code1374"
"product category1375","code1375"
"product category1376","code1376"
"product category1377","code1377"
"product category1378","code1378"
"product category1379","code1379"
"product category1380","code1380"
"product category1381","code1381"
"product category1382","code1382"
"product category1383","code1383"
"product category1384","code1384"
"product category1385","code1385"
"product category1386","code1386"
"product category1387","code1387"
"product category1388","code1388"
"product category1389","code1389"
"product category1390","code1390"
"product category1391","code1391"
"product category1392","code1392"
"product category1393","code1393"
"product category1394","code1394"
"product category1395","code1395"
"product category1396","code1396"
"product category1397","code1397"
"product category1398","code1398"
"product category1399","code1399"
"product category1400","code1400"
"product category1401","code1401"
"product category1402","code1402"
"product category1403","code1403"
"product category1404","code1404"
"product category1405","code1405"
"product category1406","code1406"
"product category1407","code1407"
"product category1408","code1408"
"product category1409","code1409"
"product category1410","code1410"
"product category1411","code1411"
"product category1412","code1412"
"product category1413","code1413"
"product category1414","code1414"
"product category1415","code1415"
"product category1416","code1416"
"product category1417","code1417"
"product category1418","code1418"
"product category1419","code1419"
"product category1420","code1420"
"product category1421","code1421"
"product category1422","code1422"
"product category1423","code1423"
"product category1424","code1424"
"product category1425","code1425"
"product category1426","code1426"
"product category1427","code1427"
"product category1428","code1428"
"product category1429","code1429"
"product category1430","code1430"
"product category1431","code1431"
"product category1432","code1432"
"product category1433","code1433"
"product category1434","code1434"
"product category1435","code1435"
"product category1436","code1436"
"product category1437","code1437"
"product category1438","code1438"
"product category1439","code1439"
"product category1440","code1440"
"product category1441","code1441"
"product category1442","code1442"
"product category1443","code1443"
"product category1444","code1444"
"product category1445","code1445"
"product category1446","code1446"
"product category1447","code1447"
"product category1448","code1448"
"product category1449","code1449"
"product category1450","code1450"
"product category1451","code1451"
"product category1452","code1452"
"product category1453","code1453"
"product category1454","code1454"
"product category1455","code1455"
"product category1456","code1456"
"product category1457","code1457"
"product category1458","code1458"
"product category1459","code1459"
"product category1460","code1460"
"product category1461","code1461"
"product category1462","code1462"
"product category1463","code1463"
"product category1464","code1464"
"product category1465","code1465"
"product category1466","code1466"
"product category1467","code1467"
"product category1468","code1468"
"product category1469","code1469"
"product category1470","code1470"
"product category1471","code1471"
"product category1472","code1472"
"product category1473","code1473"
"product category1474","code1474"
"product category1475","code1475"
"product category1476","code1476"
"product category1477","code1477"
"product category1478","code1478"
"product category1479","code1479"
"product category1480","code1480"
"product category1481","code1481"
"product category1482","code1482"
"product category1483","code1483"
"product category1484","code1484"
"product category1485","code1485"
"product category1486","code1486"
"product category1487","code1487"
"product category1488","code1488"
"product category1489","code1489"
"product category1490","code1490"
"product category1491","code1491"
"product category1492","code1492"
"product category1493","code1493"
"product category1494","code1494"
"product category1495","code1495"
"product category1496","code1496"
"product category1497","code1497"
"product category1498","code1498"
"product category1499","code1499"
"product category1500","code1500"
"product category1501","code1501"
"product category1502","code1502"
"product category1503","code1503"
"product category1504","code1504"
"product category1505","code1505"
"product category1506","code1506"
"product category1507","code1507"
"product category1508","code1508"
"product category1509","code1509"
"product category1510","code1510"
"product category1511","code1511"
"product category1512","code1512"
"product category1513","code1513"
"product category1514","code1514"
"product category1515","code1515"
"product category1516","code1516"
"product category1517","code1517"
"product category1518","code1518"
"product category1519","code1519"
"product category1520","code1520"
"product category1521","code1521"
"product category1522","code1522"
"product category1523","code1523"
"product category1524","code1524"
"product category1525","code1525"
"product category1526","code1526"
"product category1527","code1527"
"product category1528","code1528"
"product category1529","code1529"
"product category1530","code1530"
"product category1531","code1531"
"product category1532","code1532"
"product category1533","code1533"
"product category1534","code1534"
"product category1535","code1535"
"product category1536","code1536"
"product category1537","code1537"
"product category1538","code1538"
"product category1539","code1539"
"product category1540","code1540"
"product category1541","code1541"
"product category1542","code1542"
"product category1543","code1543"
"product category1544","code1544"
"product category1545","code1545"
"product category1546","code1546"
"product category1547","code1547"
"product category1548","code1548"
"product category1549","code1549"
"product category1550","code1550"
"product category1551","code1551"
"product category1552","code1552"
"product category1553","code1553"
"product category1554","code1554"
"product category1555","code1555"
"product category1556","code1556"
"product category1557","code1557"
"product category1558","code1558"
"product category1559","code1559"
"product category1560","code1560"
"product category1561","code1561"
"product category1562","code1562"
"product category1563","code1563"
"product category1564","code1564"
"product category1565","code1565"
"product category1566","code1566"
"product category1567","code1567"
"product category1568","code1568"
"product category1569","code1569"
"product category1570","code1570"
"product category1571","code1571"
"product category1572","code1572"
"product category1573","code1573"
"product category1574","code1574"
"product category1575","code1575"
"product category1576","code1576"
"product category1577","code1577"
"product category1578","code1578"
"product category1579","code1579"
"product category1580","code1580"
"product category1581","code1581"
"product category1582","code1582"
"product category1583","code1583"
"product category1584","code1584"
"product category1585","code1585"
"product category1586","code1586"
"product category1587","code1587"
"product category1588","code1588"
"product category1589","code1589"
"product category1590","code1590"
"product category1591","code1591"
"product category1592","code1592"
"product category1593","code1593"
"product category1594","code1594"
"product category1595","code1595"
"product category1596","code1596"
"product category1597","code1597"
"product category1598","code1598"
"product category1599","code1599"
"product category1600","code1600"
"product category1601","code1601"
"product category1602","code1602"
"product category1603","code1603"
"product category1604","code1604"
"product category1605","code1605"
"product category1606","code1606"
"product category1607","code1607"
"product category1608","code1608"
"product category1609","code1609"
"product category1610","code1610"
"product category1611","code1611"
"product category1612","code1612"
"product category1613","code1613"
"product category1614","code1614"
"product category1615","code1615"
"product category1616","code1616"
"product category1617","code1617"
"product category1618","code1618"
"product category1619","code1619"
"product category1620","code1620"
"product category1621","code1621"
"product category1622","code1622"
"product category1623","code1623"
"product category1624","code1624"
"product category1625","code1625"
"product category1626","code1626"
"product category1627","code1627"
"product category1628","code1628"
"product category1629","code1629"
"product category1630","code1630"
"product category1631","code1631"
"product category1632","code1632"
"product category1633","code1633"
"product category1634","code1634"
"product category1635","code1635"
"product category1636","code1636"
"product category1637","code1637"
"product category1638","code1638"
"product category1639","code1639"
"product category1640","code1640"
"product category1641","code1641"
"product category1642","code1642"
"product category1643","code1643"
"product category1644","code1644"
"product category1645","code1645"
"product category1646","code1646"
"product category1647","code1647"
"product category1648","code1648"
"product category1649","code1649"
"product category1650","code1650"
"product category1651","code1651"
"product category1652","code1652"
"product category1653","code1653"
"product category1654","code1654"
"product category1655","code1655"
"product category1656","code1656"
"product category1657","code1657"
"product category1658","code1658"
"product category1659","code1659"
"product category1660","code1660"
"product category1661","code1661"
"product category1662","code1662"
"product category1663","code1663"
"product category1664","code1664"
"product category1665","code1665"
"product category1666","code1666"
"product category1667","code1667"
"product category1668","code1668"
"product category1669","code1669"
"product category1670","code1670"
"product category1671","code1671"
"product category1672","code1672"
"product category1673","code1673"
"product category1674","code1674"
"product category1675","code1675"
"product category1676","code1676"
"product category1677","code1677"
"product category1678","code1678"
"product category1679","code1679"
"product category1680","code1680"
"product category1681","code1681"
"product category1682","code1682"
"product category1683","code1683"
"product category1684","code1684"
"product category1685","code1685"
"product category1686","code1686"
"product category1687","code1687"
"product category1688","code1688"
"product category1689","code1689"
"product category1690","code1690"
"product category1691","code1691"
"product category1692","code1692"
"product category1693","code1693"
"product category1694","code1694"
"product category1695","code1695"
"product category1696","code1696"
"product category1697","code1697"
"product category1698","code1698"
"product category1699","code1699"
"product category1700","code1700"
"product category1701","code1701"
"product category1702","code1702"
"product category1703","code1703"
"product category1704","code1704"
"product category1705","code1705"
"product category1706","code1706"
"product category1707","code1707"
"product category1708","code1708"
"product category1709","code1709"
"product category1710","code1710"
"product category1711","code1711"
"product category1712","code1712"
"product category1713","code1713"
"product category1714","code1714"
"product category1715","code1715"
"product category1716","code1716"
"product category1717","code1717"
"product category1718","code1718"
"product category1719","code1719"
"product category1720","code1720"
"product category1721","code1721"
"product category1722","code1722"
"product category1723","code1723"
"product category1724","code1724"
"product category1725","code1725"
"product category1726","code1726"
"product category1727","code1727"
"product category1728","code1728"
"product category1729","code1729"
"product category1730","code1730"
"product category1731","code1731"
"product category1732","code1732"
"product category1733","code1733"
"product category1734","code1734"
"product category1735","code1735"
"product category1736","code1736"
"product category1737","code1737"
"product category1738","code1738"
"product category1739","code1739"
"product category1740","code1740"
"product category1741","code1741"
"product category1742","code1742"
"product category1743","code1743"
"product category1744","code1744"
"product category1745","code1745"
"product category1746","code1746"
"product category1747","code1747"
"product category1748","code1748"
"product category1749","code1749"
"product category1750","code1750"
"product category1751","code1751"
"product category1752","code1752"
"product category1753","code1753"
"product category1754","code1754"
"product category1755","code1755"
"product category1756","code1756"
"product category1757","code1757"
"product category1758","code1758"
"product category1759","code1759"
"product category1760","code1760"
"product category1761","code1761"
"product category1762","code1762"
"product category1763","code1763"
"product category1764","code1764"
"product category1765","code1765"
"product category1766","code1766"
"product category1767","code1767"
"product category1768","code1768"
"product category1769","code1769"
"product category1770","code1770"
"product category1771","code1771"
"product category1772","code1772"
"product category1773","code1773"
"product category1774","code1774"
"product category1775","code1775"
"product category1776","code1776"
"product category1777","code1777"
"product category1778","code1778"
"product category1779","code1779"
"product category1780","code1780"
"product category1781","code1781"
"product category1782","code1782"
"product category1783","code1783"
"product category1784","code1784"
"product category1785","code1785"
"product category1786","code1786"
"product category1787","code1787"
"product category1788","code1788"
"product category1789","code1789"
"product category1790","code1790"
"product category1791","code1791"
"product category1792","code1792"
"product category1793","code1793"
"product category1794","code1794"
"product category1795","code1795"
"product category1796","code1796"
"product category1797","code1797"
"product category1798","code1798"
"product category1799","code1799"
"product category1800","code1800"
"product category1801","code1801"
"product category1802","code1802"
"product category1803","code1803"
"product category1804","code1804"
"product category1805","code1805"
"product category1806","code1806"
"product category1807","code1807"
"product category1808","code1808"
"product category1809","code1809"
"product category1810","code1810"
"product category1811","code1811"
"product category1812","code1812"
"product category1813","code1813"
"product category1814","code1814"
"product category1815","code1815"
"product category1816","code1816"
"product category1817","code1817"
"product category1818","code1818"
"product category1819","code1819"
"product category1820","code1820"
"product category1821","code1821"
"product category1822","code1822"
"product category1823","code1823"
"product category1824","code1824"
"product category1825","code1825"
"product category1826","code1826"
"product category1827","code1827"
"product category1828","code1828"
"product category1829","code1829"
"product category1830","code1830"
"product category1831","code1831"
"product category1832","code1832"
"product category1833","code1833"
"product category1834","code1834"
"product category1835","code1835"
"product category1836","code1836"
"product category1837","code1837"
"product category1838","code1838"
"product category1839","code1839"
"product category1840","code1840"
"product category1841","code1841"
"product category1842","code1842"
"product category1843","code1843"
"product category1844","code1844"
"product category1845","code1845"
"product category1846","code1846"
"product category1847","code1847"
"product category1848","code1848"
"product category1849","code1849"
"product category1850","code1850"
"product category1851","code1851"
"product category1852","code1852"
"product category1853","code1853"
"product category1854","code1854"
"product category1855","code1855"
"product category1856","code1856"
"product category1857","code1857"
"product category1858","code1858"
"product category1859","code1859"
"product category1860","code1860"
"product category1861","code1861"
"product category1862","code1862"
"product category1863","code1863"
"product category1864","code1864"
"product category1865","code1865"
"product category1866","code1866"
"product category1867","code1867"
"product category1868","code1868"
"product category1869","code1869"
"product category1870","code1870"
"product category1871","code1871"
"product category1872","code1872"
"product category1873","code1873"
"product category1874","code1874"
"product category1875","code1875"
"product category1876","code1876"
"product category1877","code1877"
"product category1878","code1878"
"product category1879","code1879"
"product category1880","code1880"
"product category1881","code1881"
"product category1882","code1882"
"product category1883","code1883"
"product category1884","code1884"
"product category1885","code1885"
"product category1886","code1886"
"product category1887","code1887"
"product category1888","code1888"
"product category1889","code1889"
"product category1890","code1890"
"product category1891","code1891"
"product category1892","code1892"
"product category1893","code1893"
"product category1894","code1894"
"product category1895","code1895"
"product category1896","code1896"
"product category1897","code1897"
"product category1898","code1898"
"product category1899","code1899"
"product category1900","code1900"
"product category1901","code1901"
"product category1902","code1902"
"product category1903","code1903"
"product category1904","code1904"
"product category1905","code1905"
"product category1906","code1906"
"product category1907","code1907"
"product category1908","code1908"
"product category1909","code1909"
"product category1910","code1910"
"product category1911","code1911"
"product category1912","code1912"
"product category1913","code1913"
"product category1914","code1914"
"product category1915","code1915"
"product category1916","code1916"
"product category1917","code1917"
"product category1918","code1918"
"product category1919","code1919"
"product category1920","code1920"
"product category1921","code1921"
"product category1922","code1922"
"product category1923","code1923"
"product category1924","code1924"
"product category1925","code1925"
"product category1926","code1926"
"product category1927","code1927"
"product category1928","code1928"
"product category1929","code1929"
"product category1930","code1930"
"product category1931","code1931"
"product category1932","code1932"
"product category1933","code1933"
"product category1934","code1934"
"product category1935","code1935"
"product category1936","code1936"
"product category1937","code1937"
"product category1938","code1938"
"product category1939","code1939"
"product category1940","code1940"
"product category1941","code1941"
"product category1942","code1942"
"product category1943","code1943"
"product category1944","code1944"
"product category1945","code1945"
"product category1946","code1946"
"product category1947","code1947"
"product category1948","code1948"
"product category1949","code1949"
"product category1950","code1950"
"product category1951","code1951"
"product category1952","code1952"
"product category1953","code1953"
"product category1954","code1954"
"product category1955","code1955"
"product category1956","code1956"
"product category1957","code1957"
"product category1958","code1958"
"product category1959","code1959"
"product category1960","code1960"
"product category1961","code1961"
"product category1962","code1962"
"product category1963","code1963"
"product category1964","code1964"
"product category1965","code1965"
"product category1966","code1966"
"product category1967","code1967"
"product category1968","code1968"
"product category1969","code1969"
"product category1970","code1970"
"product category1971","code1971"
"product category1972","code1972"
"product category1973","code1973"
"product category1974","code1974"
"product category1975","code1975"
"product category1976","code1976"
"product category1977","code1977"
"product category1978","code1978"
"product category1979","code1979"
"product category1980","code1980"
"product category1981","code1981"
"product category1982","code1982"
"product category1983","code1983"
"product category1984","code1984"
"product category1985","code1985"
"product category1986","code1986"
"product category1987","code1987"
"product category1988","code1988"
"product category1989","code1989"
"product category1990","code1990"
"product category1991","code1991"
"product category1992","code1992"
"product category1993","code1993"
"product category1994","code1994"
"product category1995","code1995"
"product category1996","code1996"
"product category1997","code1997"
"product category1998","code1998"
"product category1999","code1999"
"product category2000","code2000"