id;first_name;last_name;id_number;email;phone_1;phone_2
1;Ayana;MacGyver;back-end;Felipa_Medhurst@gmail.com;architectures Lead;visualize
2;Arvid;Hickle;out-of-the-box;Amanda54@gmail.com;interactive Accounts hack;Handcrafted Investor Wyoming
3;Odessa;Klocko;Metal Program;Vada.Wunsch@yahoo.com;New;interactive grey services
4;Lemuel;Ernser;SMTP user Unbranded;Lelia55@gmail.com;eyeballs;Generic
5;Tod;Mitchell;Equatorial wireless;Timmothy_Kris98@yahoo.com;Kids payment Fish;bypass Corporate
6;Amani;Bergnaum;Aruban Communication;Avis.Gorczany0@gmail.com;magenta compress;Granite Switchable Tasty
7;Mose;Bogisich;programming Steel;Haylie7@gmail.com;Salad;Tactics Bahamas
8;Tremaine;Corwin;customized;Rosanna4@gmail.com;Planner;tangible Fresh
9;Lee;VonRueden;feed Roads;Arielle_Tromp@hotmail.com;Cambodia Bike Berkshire;Data platforms
10;Germaine;Terry;synergies microchip ;Isaac18@hotmail.com;application;full-range robust
